{
    "Objects" :
    {
        "0133–3629" : {"LAS" : 0.25,   "cal" : true,  "alias" : []},
        "0137+3309" : {"LAS" : 3.3e-4, "cal" : true,  "alias" : ["3C48"]},
        "0437+2940" : {"LAS" : 1.2e-2, "cal" : true,  "alias" : ["3C123"]},
        "0521+1638" : {"LAS" : 1.9e-4, "cal" : true,  "alias" : ["3C138"]},
        "0534+2200" : {"LAS" : 0.13,   "cal" : false, "alias" : ["3C144", "Tau A", "Taurus A", "Crab"]},
        "0542+4951" : {"LAS" : 2.5e-4, "cal" : true,  "alias" : ["3C147"]},
        "0627-0553" : {"LAS" : 8.3e-4, "cal" : true,  "alias" : ["3C161"]},
        "0813+4813" : {"LAS" : 1.9e-3, "cal" : true,  "alias" : ["3C196"]},
        "0918−1205" : {"LAS" : 0.13,   "cal" : false, "alias" : ["3C218", "Hyd A", "Hydra A"]},
        "0947+0725" : {"LAS" : 5.6e-2, "cal" : true,  "alias" : ["3C227"]},
        "1104+7658" : {"LAS" : 4.2e-3, "cal" : true,  "alias" : ["3C249.1"]},
        "1230+1223" : {"LAS" : 0.27,   "cal" : true,  "alias" : ["3C274", "Virgo A", "Vir A", "M87"]},
        "1331+3030" : {"LAS" : 8.3e-4, "cal" : true,  "alias" : ["3C286"]},
        "1411+5212" : {"LAS" : 1.4e-3, "cal" : true,  "alias" : ["3C295"]},
        "1651+0459" : {"LAS" : 5.2e-2, "cal" : true,  "alias" : ["3C348", "Hercules A", "Her A"]},
        "1720−0058" : {"LAS" : 8.8e-2, "cal" : true,  "alias" : ["3C353"]},
        "1829+4844" : {"LAS" : 4.4e-3, "cal" : true,  "alias" : ["3C380"]},
        "1959+4044" : {"LAS" : 3.3e-2, "cal" : true,  "alias" : ["3C405", "Cygnus A", "Cyg A"]},
        "2214−1701" : {"LAS" : 3.3e-2, "cal" : true,  "alias" : ["3C444"]},
        "2323+5848" : {"LAS" : 0.1,    "cal" : false, "alias" : ["3C461", "Cassiopeia A", "Cas A"]}
    },
    "Perley-Butler 2017" :
    {
        "fluxscale" : "Perley-Butler 2017",
        "objects" : {
            "0133–3629" : [-0.2252, -0.6619, 1.0440],
            "0137+3309" : [0.04980, -0.1914, -0.7553,  1.3253],
            "0437+2940" : [0.00900, -0.0248, -0.1035, -0.7884,  1.8017],
            "0521+1638" : [0.02230, -0.0102, -0.1552, -0.4981,  1.0088],
            "0534+2200" : [-0.0674, -0.0473, -0.2173, 2.9516],
            "0542+4951" : [0.02890, -0.0464,  0.0640, -0.2007, -0.6961, 1.4516],
            "0813+4813" : [0.02010, -0.0200, -0.1534, -0.8530,  1.2872],
            "0918−1205" : [0.0295, -0.0139, -0.0843, -0.9176, 1.7795],
            "1230+1223" : [-0.0483, -0.8116, 2.4466],
            "1331+3030" : [0.03570, -0.1798, -0.4507,  1.2481],
            "1411+5212" : [0.03990, -0.0347, -0.2780, -0.7658,  1.4701],
            "1651+0459" : [0.00000, -0.0951, -1.0247,  1.8298],
            "1720−0058" : [-0.0732, -0.0998, -0.6938,  1.8627],
            "1829+4844" : [-0.1566, -0.1794,  0.0976,  0.0947, -0.7909, 1.2320],
            "1959+4044" : [0.0425, 0.0227, -0.2246, -1.0022, 3.3498],
            "2214−1701" : [-0.0767, -0.0750, -1.0052, 1.1064],
            "2323+5848" : [-0.0705, -0.0347, -0.7518, 3.3584]
        },
        "method" : "poly_pb"
    },

    "Ott 1994" :
    {
        "fluxscale" : "Ott 1994",
        "objects" : {
            "0137+3309" : [2.465, -0.004, -0.1251],
            "0437+2940" : [2.525,  0.246, -0.1638],
            "0542+4951" : [2.806, -0.140, -0.1031],
            "0627-0553" : [1.250,  0.726, -0.2286],
            "0918−1205" : [4.729, -1.025,  0.0130],
            "0947+0725" : [6.757, -2.801,  0.2969],
            "1104+7658" : [2.537, -0.565, -0.0404],
            "1230+1223" : [4.484, -0.603, -0.0280],
            "1331+3030" : [0.956,  0.584, -0.1644],
            "1411+5212" : [1.490,  0.756, -0.2545],
            "1651+0459" : [3.852, -0.361, -0.1053],
            "1720−0058" : [3.148, -0.157, -0.0911],
            "1959+4044" : [8.360, -1.565]
        },
        "method" : "poly_ott"
    }
}
